image_id,image_name
e21ba2ac-0d6b-47f2-abe7-662f48a1cb40,http://ec2-54-165-213-86.compute-1.amazonaws.com:9000/clothes/jacket-dc-3.jpg
27004def-4503-4ad2-b89f-f3da8626b224,http://ec2-54-165-213-86.compute-1.amazonaws.com:9000/clothes/jacket-dc-4.jpg
b635bb87-192c-4081-93a5-3f7612ceeb61,http://ec2-54-165-213-86.compute-1.amazonaws.com:9000/clothes/jacket-salomon1.jpg
16057784-8018-4f60-b4a2-9170fb6fd28c,http://ec2-54-165-213-86.compute-1.amazonaws.com:9000/clothes/jacket-roxy1.jpg
0ea18746-b79b-4616-bd32-10024f9ee5cb,http://ec2-54-165-213-86.compute-1.amazonaws.com:9000/clothes/jacket-roxy2.jpg
83ebc808-0118-4607-8eb0-2d77f0fc2e01,http://ec2-54-165-213-86.compute-1.amazonaws.com:9000/clothes/jacket-roxy3.jpg
62c3285e-b482-4cce-89b4-5fbd1ce524f6,http://ec2-54-165-213-86.compute-1.amazonaws.com:9000/clothes/jacket-quiksilver1.jpg
922e2035-6510-443b-8bab-b908b5a0c398,http://ec2-54-165-213-86.compute-1.amazonaws.com:9000/clothes/jacket-quiksilver2.jpg
bdc9ce03-bdda-4a7a-9abe-764f43326c9c,http://ec2-54-165-213-86.compute-1.amazonaws.com:9000/clothes/jacket-quiksilver3.jpg
6ff16241-c46a-4d88-8bdf-85e41bf4151d,http://ec2-54-165-213-86.compute-1.amazonaws.com:9000/clothes/jacket-dc-1.jpg
10ce36e2-0641-49b1-bbbd-ac4212d58953,http://ec2-54-165-213-86.compute-1.amazonaws.com:9000/clothes/jacket-dc-2.jpg
d35f2f7f-cad5-4d91-816d-ea540aa7aedb,http://ec2-54-165-213-86.compute-1.amazonaws.com:9000/clothes/jacket-burton1.jpg
432cdafc-9fb9-474b-b122-9a42c3f41ec7,http://ec2-54-165-213-86.compute-1.amazonaws.com:9000/clothes/jacket-burton2.jpg
7a5c3bb7-63ec-41d5-80fe-870f56fe4e5c,http://ec2-54-165-213-86.compute-1.amazonaws.com:9000/clothes/jacket-burton3.jpg
4c4d9dfd-a781-4550-a014-c094f266d852,http://ec2-54-165-213-86.compute-1.amazonaws.com:9000/clothes/jacket-burton4.jpg
a52cfc15-a68d-4735-8520-690dd6f2013a,http://ec2-54-165-213-86.compute-1.amazonaws.com:9000/clothes/pants-quiksilver1.jpg
703a6109-3202-4025-bc5a-c7627ee44ab3,http://ec2-54-165-213-86.compute-1.amazonaws.com:9000/clothes/pants-quiksilver2.jpg
a852f3ab-45c1-4619-8513-6998dfa250cc,http://ec2-54-165-213-86.compute-1.amazonaws.com:9000/clothes/pants-quiksilver3.jpg
3d619ba4-31e3-45c5-8e2c-6d5450da4a4b,http://ec2-54-165-213-86.compute-1.amazonaws.com:9000/clothes/pants-roxy1.jpg
cb82e62d-d02a-4cf8-a7b1-3401a05caa66,http://ec2-54-165-213-86.compute-1.amazonaws.com:9000/clothes/pants-roxy2.jpg
4be0aaa3-11a4-4071-8a7d-bb0be91db200,http://ec2-54-165-213-86.compute-1.amazonaws.com:9000/clothes/pants-roxy3.jpg
89265939-8169-470d-bdb4-d2cf6260962b,http://ec2-54-165-213-86.compute-1.amazonaws.com:9000/clothes/pants-burton6.jpg
d92c7fb5-dbc8-4a81-8c8d-00d3fa74353e,http://ec2-54-165-213-86.compute-1.amazonaws.com:9000/clothes/pants-burton5.jpg
0604e2f6-0c93-45fa-b310-cc857d359a24,http://ec2-54-165-213-86.compute-1.amazonaws.com:9000/clothes/pants-burton4.jpg
504f682c-3ac9-4cb3-8e38-866c7ea6056e,http://ec2-54-165-213-86.compute-1.amazonaws.com:9000/clothes/pants-quiksilver6.jpg
75f75698-5017-47c7-aa05-2f5eba07bf2d,http://ec2-54-165-213-86.compute-1.amazonaws.com:9000/clothes/pants-quiksilver5.jpg
9c4ee0db-1802-4267-95b7-f7800bc03a9c,http://ec2-54-165-213-86.compute-1.amazonaws.com:9000/clothes/pants-quiksilver4.jpg
e9f504c8-a209-425b-a028-6175b57b9436,http://ec2-54-165-213-86.compute-1.amazonaws.com:9000/clothes/mitten-crab-grab1.jpg
e43c726d-a5eb-47a2-b18f-7985650c32b4,http://ec2-54-165-213-86.compute-1.amazonaws.com:9000/clothes/mitten-crab-grab2.jpg
4c3a6ccb-a40b-42a7-824b-714cda29a64d,http://ec2-54-165-213-86.compute-1.amazonaws.com:9000/clothes/mitten-crab-grab3.jpg
fe37cbe1-254a-4292-aa89-61a50e3d58d4,http://ec2-54-165-213-86.compute-1.amazonaws.com:9000/clothes/mitten-crab-grab4.jpg
3530cd79-9f1b-46ba-a8ce-cde8bf53a4db,http://ec2-54-165-213-86.compute-1.amazonaws.com:9000/clothes/mitten-crab-grab5.jpg
01b582b2-47c8-4b87-bfbd-0aa0bcc2a691,http://ec2-54-165-213-86.compute-1.amazonaws.com:9000/clothes/mitten-burton1.jpg
07f6825f-a5d3-4b09-a417-a1d6a7685ded,http://ec2-54-165-213-86.compute-1.amazonaws.com:9000/clothes/mitten-burton2.jpg
7de78b4a-46d4-46bd-8eff-a597d6e8365b,http://ec2-54-165-213-86.compute-1.amazonaws.com:9000/clothes/mitten-burton3.jpg
6ddc076d-0ffb-4d2c-9c33-28612cbb96a0,http://ec2-54-165-213-86.compute-1.amazonaws.com:9000/clothes/mitten-burton4.jpg
48df60d9-68b7-42e8-8130-f4f29e89cc57,http://ec2-54-165-213-86.compute-1.amazonaws.com:9000/clothes/mitten-burton5.jpg
2e869b58-5655-464c-9bcd-307f40649894,http://ec2-54-165-213-86.compute-1.amazonaws.com:9000/clothes/mask-red-bull1.jpg
23331109-5863-4f4c-84a1-43fa44a8f684,http://ec2-54-165-213-86.compute-1.amazonaws.com:9000/clothes/mask-red-bull2.jpg
f336a8d2-d0cc-4aea-bcf8-e002482316ec,http://ec2-54-165-213-86.compute-1.amazonaws.com:9000/clothes/mask-red-bull3.jpg
75387665-7f60-4f0e-a24a-ca491d809dad,http://ec2-54-165-213-86.compute-1.amazonaws.com:9000/clothes/mask-los-raketos1.png
2c2b7add-8d22-4b15-994a-bedad8877409,http://ec2-54-165-213-86.compute-1.amazonaws.com:9000/clothes/mask-los-raketos2.png
650ffb21-1f7c-4155-8644-c0e656039b24,http://ec2-54-165-213-86.compute-1.amazonaws.com:9000/clothes/mask-los-raketos3.png
db85a9f4-70ee-46bf-9161-9b45ac2fb91d,http://ec2-54-165-213-86.compute-1.amazonaws.com:9000/clothes/mask-atomic1.jpg
867e6bb0-4ad8-4fb0-8be7-37de739ab1e7,http://ec2-54-165-213-86.compute-1.amazonaws.com:9000/clothes/mask-atomic2.jpg
807c70c1-43ef-4fc2-a9bb-f64a0b346f60,http://ec2-54-165-213-86.compute-1.amazonaws.com:9000/clothes/mask-atomic3.jpg
ee64e9af-7a4d-4847-b865-1cc99a0851da,http://ec2-54-165-213-86.compute-1.amazonaws.com:9000/clothes/gloves-burton2.jpg
cd2ca8bc-0bd6-41c1-b302-b4e0693b114e,http://ec2-54-165-213-86.compute-1.amazonaws.com:9000/clothes/gloves-burton3.jpg
dd57949a-9add-43c0-a952-2f7c7f6004e8,http://ec2-54-165-213-86.compute-1.amazonaws.com:9000/clothes/gloves-burton1.png
a445bb14-3b5a-4a37-aa74-70b8ff92ce22,http://ec2-54-165-213-86.compute-1.amazonaws.com:9000/clothes/gloves-burton1.jpg
eb65ffca-8cd9-45bd-a09f-39083848c1bb,http://ec2-54-165-213-86.compute-1.amazonaws.com:9000/clothes/gloves-burton4.jpg
b174e5d1-8150-42aa-a562-358f63321f24,http://ec2-54-165-213-86.compute-1.amazonaws.com:9000/clothes/gloves-burton1.png
c955f8c1-0260-405d-bfd4-67dff17a5487,http://ec2-54-165-213-86.compute-1.amazonaws.com:9000/clothes/gloves-pow1.jpg
172b2008-6633-4638-a2f6-19c3ccd41d36,http://ec2-54-165-213-86.compute-1.amazonaws.com:9000/clothes/gloves-pow2.jpg
0b6350ad-59c7-4c92-9ce1-dd2fabc8a4ee,http://ec2-54-165-213-86.compute-1.amazonaws.com:9000/clothes/gloves-dc1.jpg
1e952d6c-488a-41a8-8e3b-33d5f7bff5f8,http://ec2-54-165-213-86.compute-1.amazonaws.com:9000/clothes/gloves-dc2.jpg
006bf4da-1900-44cb-a81f-811fa6ebcaef,http://ec2-54-165-213-86.compute-1.amazonaws.com:9000/clothes/cap-burton5.jpg
d498d1a3-d901-4dde-a77c-27d91790f408,http://ec2-54-165-213-86.compute-1.amazonaws.com:9000/clothes/cap-burton6.jpg
4f623056-40b2-4d8a-a11f-e31b345a3146,http://ec2-54-165-213-86.compute-1.amazonaws.com:9000/clothes/cap-burton1.jpg
5efc909f-cc6b-45d6-bc1c-6f0c9af29b78,http://ec2-54-165-213-86.compute-1.amazonaws.com:9000/clothes/cap-burton2.jpg
46f20c7b-a287-4e8b-91f0-5c40bba2e933,http://ec2-54-165-213-86.compute-1.amazonaws.com:9000/clothes/cap-burton3.jpg
5267ee0e-a723-4871-9a03-64224ee31638,http://ec2-54-165-213-86.compute-1.amazonaws.com:9000/clothes/cap-dc1.jpg
61bbb5ce-bdac-4a76-a1e2-adaac0a4d546,http://ec2-54-165-213-86.compute-1.amazonaws.com:9000/clothes/cap-dc2.jpg
e8c86dc6-6a2c-430d-9f46-fc7772abf791,http://ec2-54-165-213-86.compute-1.amazonaws.com:9000/clothes/cap-dc3.jpg
a720740b-092a-4a09-b576-bd0de2346e26,http://ec2-54-165-213-86.compute-1.amazonaws.com:9000/clothes/cap-dc4.jpg
09574c88-2219-4a1a-9b97-629c8a78d435,http://ec2-54-165-213-86.compute-1.amazonaws.com:9000/ski/ski-helmet-alpina1.jpg
ee0b7f7d-f530-4749-83df-b4a08ee61468,http://ec2-54-165-213-86.compute-1.amazonaws.com:9000/ski/ski-helmet-alpina1.jpg
fb0c5fa1-d1b5-4d85-96bf-b4034fcd4789,http://ec2-54-165-213-86.compute-1.amazonaws.com:9000/ski/ski-helmet-alpina1.jpg
2e65b7d7-71c7-4885-8dae-60c1cbc8bfb7,http://ec2-54-165-213-86.compute-1.amazonaws.com:9000/ski/ski-helmet-head1.jpg
0f1bf942-42b1-4102-9d41-3eddcce880a7,http://ec2-54-165-213-86.compute-1.amazonaws.com:9000/ski/ski-helmet-head1.jpg
7c3a3298-ebf4-4757-ada7-0d95571af6f7,http://ec2-54-165-213-86.compute-1.amazonaws.com:9000/ski/ski-helmet-head2.jpg
30cca985-29c2-42ab-8e68-3499c5e49ff8,http://ec2-54-165-213-86.compute-1.amazonaws.com:9000/ski/ski-helmet-head2.jpg
5c403316-2955-4dd1-b2fe-218791c13fc2,http://ec2-54-165-213-86.compute-1.amazonaws.com:9000/ski/ski-helmet-head2.jpg
9022954a-4b4f-459a-bf29-d7d11a3d6191,http://ec2-54-165-213-86.compute-1.amazonaws.com:9000/ski/ski-helmet-alpina3.jpg
bd1208e5-4fe2-4128-be4f-c2c013b41766,http://ec2-54-165-213-86.compute-1.amazonaws.com:9000/ski/ski-helmet-alpina2.jpg
c235b049-47a3-4919-a0ba-d829f2480ce7,http://ec2-54-165-213-86.compute-1.amazonaws.com:9000/ski/ski-boot-fischer1.jpg
44a07cfe-cbb5-4d7b-9548-747d7a3c3fa9,http://ec2-54-165-213-86.compute-1.amazonaws.com:9000/ski/ski-boot-fischer1.jpg
2a9dc3d1-e461-48ab-87b4-b2901abd126c,http://ec2-54-165-213-86.compute-1.amazonaws.com:9000/ski/ski-boot-fischer1.jpg
d1c08795-f81a-4b58-b8fd-bdfa9a0fbe86,http://ec2-54-165-213-86.compute-1.amazonaws.com:9000/ski/ski-boot-fischer1.jpg
4b2b345d-184f-4794-8e09-a360e538068e,http://ec2-54-165-213-86.compute-1.amazonaws.com:9000/ski/ski-boot-fischer1.jpg
d2c2b653-a09e-4117-88b8-3eb140ec1d6d,http://ec2-54-165-213-86.compute-1.amazonaws.com:9000/ski/ski-boot-fischer1.jpg
0fff16f4-79d9-453a-9bde-d132fe17a814,http://ec2-54-165-213-86.compute-1.amazonaws.com:9000/ski/ski-boot-fischer1.jpg
5c6d00de-a09c-46bf-a21c-31d855da9f4d,http://ec2-54-165-213-86.compute-1.amazonaws.com:9000/ski/ski-boot-rossignol1.jpg
a5a5d899-5bf3-4075-a73b-3cf04bac7c45,http://ec2-54-165-213-86.compute-1.amazonaws.com:9000/ski/ski-boot-rossignol1.jpg
d0c5a93b-f598-4c40-bf6f-e20273c0de8d,http://ec2-54-165-213-86.compute-1.amazonaws.com:9000/ski/ski-boot-rossignol1.jpg
557b55a3-a223-44f6-828a-d0cab9d8d7c0,http://ec2-54-165-213-86.compute-1.amazonaws.com:9000/ski/ski-boot-rossignol1.jpg
d9a5f0a1-0889-4b70-93b1-b3cf3a3ce32b,http://ec2-54-165-213-86.compute-1.amazonaws.com:9000/ski/ski-boot-fischer2.jpg
b3b2cb55-fb8e-4e7c-93d0-6a23cb99d417,http://ec2-54-165-213-86.compute-1.amazonaws.com:9000/ski/ski-boot-fischer2.jpg
1a5667ea-30d1-429d-8f09-0eca6bf172f8,http://ec2-54-165-213-86.compute-1.amazonaws.com:9000/ski/ski-boot-fischer2.jpg
85dfc7eb-e295-46f0-9731-ac477cc5908d,http://ec2-54-165-213-86.compute-1.amazonaws.com:9000/ski/ski-boot-fischer2.jpg
df9e5d7e-7f41-437c-a8e3-fb2e2b5f9796,http://ec2-54-165-213-86.compute-1.amazonaws.com:9000/ski/ski-boot-rossignol2.jpg
5c5d9948-d678-4d35-9764-3ceaea917aeb,http://ec2-54-165-213-86.compute-1.amazonaws.com:9000/ski/ski-boot-rossignol2.jpg
7f6e58c3-1e3a-4d06-9c89-7a63553af4f3,http://ec2-54-165-213-86.compute-1.amazonaws.com:9000/ski/ski-pole-fischer1.jpg
7873e9a3-fb5c-438b-b8b3-00cf4e4e4980,http://ec2-54-165-213-86.compute-1.amazonaws.com:9000/ski/ski-pole-fischer1.jpg
37e3cca1-5bf9-484c-afdb-dfcd4811de7b,http://ec2-54-165-213-86.compute-1.amazonaws.com:9000/ski/ski-pole-fischer1.jpg
2b19728e-9ba3-491d-91ff-7b24649a73c7,http://ec2-54-165-213-86.compute-1.amazonaws.com:9000/ski/ski-pole-fischer1.jpg
8feb82b4-b520-43cb-8de7-d55d4ab82bd2,http://ec2-54-165-213-86.compute-1.amazonaws.com:9000/ski/ski-pole-fischer1.jpg
08fc0a3b-27f8-48b1-be62-d6e1e7f02727,http://ec2-54-165-213-86.compute-1.amazonaws.com:9000/ski/ski-pole-fischer1.jpg
ea328861-7387-4900-b004-f53f252ababe,http://ec2-54-165-213-86.compute-1.amazonaws.com:9000/ski/ski-pole-fischer1.jpg
4d744495-be26-4d38-956d-71379df17328,http://ec2-54-165-213-86.compute-1.amazonaws.com:9000/ski/ski-pole-fischer1.jpg
2876890e-2dfc-4115-8cd1-3229ca8529d5,http://ec2-54-165-213-86.compute-1.amazonaws.com:9000/ski/ski-pole-fischer1.jpg
10f03d61-2ce2-4fab-be33-b635a722a506,http://ec2-54-165-213-86.compute-1.amazonaws.com:9000/ski/ski-pole-fischer1.jpg
879bd1e3-c8f0-4d3b-90aa-ed6f3074fc0a,http://ec2-54-165-213-86.compute-1.amazonaws.com:9000/ski/ski-pole-rossignol1.jpg
ebc10804-eab1-4c21-b04e-df97008a247a,http://ec2-54-165-213-86.compute-1.amazonaws.com:9000/ski/ski-pole-rossignol1.jpg
c92fb5e0-0e4c-4152-8d54-6246195ae954,http://ec2-54-165-213-86.compute-1.amazonaws.com:9000/ski/ski-pole-rossignol1.jpg
4a299a03-9401-4f3f-a3d2-95af431d7d0e,http://ec2-54-165-213-86.compute-1.amazonaws.com:9000/ski/ski-pole-rossignol1.jpg
0b444a5d-39dc-48fc-8684-1b6e21cafb87,http://ec2-54-165-213-86.compute-1.amazonaws.com:9000/ski/ski-pole-rossignol1.jpg
4b1885fe-41ce-499e-ae6e-013604e12f30,http://ec2-54-165-213-86.compute-1.amazonaws.com:9000/ski/ski-pole-rossignol1.jpg
742fecb2-2fc2-4d03-ba9c-f50d3a7b1989,http://ec2-54-165-213-86.compute-1.amazonaws.com:9000/ski/ski-pole-rossignol1.jpg
6e12863c-b4a4-451a-9b97-9585f7756c0f,http://ec2-54-165-213-86.compute-1.amazonaws.com:9000/ski/ski-pole-rossignol1.jpg
9456af27-9b7f-4a4a-8511-1193df7a853c,http://ec2-54-165-213-86.compute-1.amazonaws.com:9000/ski/ski-rossignol1.jpg
deeda25a-d88d-43dd-8b29-56485602eb62,http://ec2-54-165-213-86.compute-1.amazonaws.com:9000/ski/ski-rossignol1.jpg
1a4b5382-596f-4387-9c3c-e0ff1e61e182,http://ec2-54-165-213-86.compute-1.amazonaws.com:9000/ski/ski-rossignol1.jpg
6e62bd6e-a92e-4514-9512-9fa4072ca53f,http://ec2-54-165-213-86.compute-1.amazonaws.com:9000/ski/ski-rossignol1.jpg
dd25208b-4f54-4c5c-8288-e0466099d078,http://ec2-54-165-213-86.compute-1.amazonaws.com:9000/ski/ski-rossignol2.jpg
60acc982-06b4-4e93-849b-b2019c9109df,http://ec2-54-165-213-86.compute-1.amazonaws.com:9000/ski/ski-rossignol2.jpg
22ec3691-ea5c-43bb-a981-48d00f122c0b,http://ec2-54-165-213-86.compute-1.amazonaws.com:9000/ski/ski-rossignol2.jpg
6ce5e709-c5e0-4cdc-a4cc-4b263893afcb,http://ec2-54-165-213-86.compute-1.amazonaws.com:9000/ski/ski-volkl1.jpg
0f4d486e-14f6-4996-9f04-6aa2306d60bd,http://ec2-54-165-213-86.compute-1.amazonaws.com:9000/ski/ski-volkl1.jpg
82b04168-f894-41a0-b308-7dd38bd68edc,http://ec2-54-165-213-86.compute-1.amazonaws.com:9000/ski/ski-volkl1.jpg
b810b49a-4233-4784-a044-15802c92150b,http://ec2-54-165-213-86.compute-1.amazonaws.com:9000/ski/ski-volkl1.jpg
547932c9-74c8-489c-9bcc-8ae04d7db007,http://ec2-54-165-213-86.compute-1.amazonaws.com:9000/ski/ski-volkl1.jpg
e61f6ea9-b7b5-40f6-82cd-936d5bfb8605,http://ec2-54-165-213-86.compute-1.amazonaws.com:9000/ski/ski-elan1.jpg
6fe9b01f-44d5-480d-a3f8-0ff4ff9d2997,http://ec2-54-165-213-86.compute-1.amazonaws.com:9000/ski/ski-elan1.jpg
6505936a-81e4-41cb-80b0-e2246f16cc67,http://ec2-54-165-213-86.compute-1.amazonaws.com:9000/ski/ski-elan1.jpg
a5854d0a-5d53-4801-b290-f63326096f4b,http://ec2-54-165-213-86.compute-1.amazonaws.com:9000/ski/ski-elan1.jpg
47494fc5-6b2b-4614-8069-db85e5b180f6,http://ec2-54-165-213-86.compute-1.amazonaws.com:9000/snowboard/snowboard-nidecker1.jpg
4d91c8c5-63ec-44de-89e5-f75861aa9e0d,http://ec2-54-165-213-86.compute-1.amazonaws.com:9000/snowboard/snowboard-nidecker2.jpg
6f424f74-9316-405c-a6ca-b9d7eddb66b6,http://ec2-54-165-213-86.compute-1.amazonaws.com:9000/snowboard/snowboard-nidecker3.jpg
acc3ec53-a356-4b80-9b2d-9ce1cb7d3473,http://ec2-54-165-213-86.compute-1.amazonaws.com:9000/snowboard/snowboard-nidecker4.jpg
732bf1bd-c252-4145-9771-deeed285ee89,http://ec2-54-165-213-86.compute-1.amazonaws.com:9000/snowboard/snowboard-nidecker5.jpg
e974fe0e-f72b-43d7-952a-9f3a1b3c1d08,http://ec2-54-165-213-86.compute-1.amazonaws.com:9000/snowboard/snowboard-nidecker6.jpg
71145703-fbf4-4054-b5c9-b3be5feffa22,http://ec2-54-165-213-86.compute-1.amazonaws.com:9000/snowboard/snowboard-prime1.jpg
ca448eb0-5da7-4ec9-96de-8445cadb25d1,http://ec2-54-165-213-86.compute-1.amazonaws.com:9000/snowboard/snowboard-dc1.jpg
85da9bf2-281c-407a-a6f7-6d9236100f9e,http://ec2-54-165-213-86.compute-1.amazonaws.com:9000/snowboard/snowboard-dc2.jpg
94c7de6a-3b9a-4714-9785-9cdcb17dce6b,http://ec2-54-165-213-86.compute-1.amazonaws.com:9000/snowboard/snowboard-dc3.jpg
c749b49a-e57a-4ddb-8076-1af7b8eb108b,http://ec2-54-165-213-86.compute-1.amazonaws.com:9000/snowboard/snowboard-dc4.jpg
4445a688-532e-434c-9a42-adc35edc15d0,http://ec2-54-165-213-86.compute-1.amazonaws.com:9000/snowboard/snowboard-nitro1.jpg
bc816fae-6837-45a0-a04b-28500f6ec91a,http://ec2-54-165-213-86.compute-1.amazonaws.com:9000/snowboard/snowboard-nitro2.jpg
4c7b3415-1fe0-4a42-85a1-fe3c7e9098fc,http://ec2-54-165-213-86.compute-1.amazonaws.com:9000/snowboard/snowboard-nitro3.jpg
8886ce78-0b5f-4823-b2a9-56f8657f21ee,http://ec2-54-165-213-86.compute-1.amazonaws.com:9000/snowboard/snowboard-arbor1.jpg
de4ec90b-6ba3-4caf-ac15-99de9c6fa940,http://ec2-54-165-213-86.compute-1.amazonaws.com:9000/snowboard/snowboard-arbor2.jpg
3dc3880f-ba3f-4741-9cc0-b9d86b4cc95b,http://ec2-54-165-213-86.compute-1.amazonaws.com:9000/snowboard/sn_helmet-prime1.jpg
4f5e023c-275c-4c7d-beaa-617cb97decf4,http://ec2-54-165-213-86.compute-1.amazonaws.com:9000/snowboard/sn_helmet-prime1.jpg
b6bed7e0-385c-45ab-96f3-cb6f2a3ee1e3,http://ec2-54-165-213-86.compute-1.amazonaws.com:9000/snowboard/sn_helmet-prime1.jpg
57d1d199-0710-4402-9127-3205ba005cc2,http://ec2-54-165-213-86.compute-1.amazonaws.com:9000/snowboard/sn_helmet-prime1.jpg
59bb9714-40ce-4bef-b699-aedce846b5cc,http://ec2-54-165-213-86.compute-1.amazonaws.com:9000/snowboard/sn_helmet-prime1.jpg
32ee788e-a931-4894-9e3b-f261079f40e9,http://ec2-54-165-213-86.compute-1.amazonaws.com:9000/snowboard/sn_helmet-sandbox1.jpg
541d43df-41f6-4437-893e-49bbb65d8d67,http://ec2-54-165-213-86.compute-1.amazonaws.com:9000/snowboard/sn_helmet-sandbox1.jpg
932a9c0f-c764-4062-bf54-a691a02e527b,http://ec2-54-165-213-86.compute-1.amazonaws.com:9000/snowboard/sn_helmet-sandbox1.jpg
a22d51c6-1b96-4608-a5cc-6fa30f8ea48d,http://ec2-54-165-213-86.compute-1.amazonaws.com:9000/snowboard/sn_helmet-sandbox1.jpg
b2804a4e-962a-45f9-a573-515746809bf8,http://ec2-54-165-213-86.compute-1.amazonaws.com:9000/snowboard/sn_helmet-los-raketos1.png
5803c48f-d9a0-46b1-9bc1-497cd9ef4bc8,http://ec2-54-165-213-86.compute-1.amazonaws.com:9000/snowboard/sn_helmet-los-raketos1.png
f0f16ed0-77ff-4f0e-a174-136d3a4bb55d,http://ec2-54-165-213-86.compute-1.amazonaws.com:9000/snowboard/sn_helmet-los-raketos1.png
e9007700-fabb-47ee-88f1-aa9423d1737a,http://ec2-54-165-213-86.compute-1.amazonaws.com:9000/snowboard/sn_helmet-los-raketos1.png
f4f5ee91-76bf-4210-b954-7e49d6d3b6d7,http://ec2-54-165-213-86.compute-1.amazonaws.com:9000/snowboard/sn_helmet-los-raketos1.png
fdd545a9-e90b-4360-9647-0cfbadb3ce7d,http://ec2-54-165-213-86.compute-1.amazonaws.com:9000/snowboard/sn_boot-dc1.jpg
862e8094-1771-4014-9f35-7ec528b896c2,http://ec2-54-165-213-86.compute-1.amazonaws.com:9000/snowboard/sn_boot-dc1.jpg
5c8e0ad4-29d4-4a0f-8e33-c795f412142a,http://ec2-54-165-213-86.compute-1.amazonaws.com:9000/snowboard/sn_boot-dc1.jpg
b1763b05-8bc9-4017-88dd-0c274ad1cc6b,http://ec2-54-165-213-86.compute-1.amazonaws.com:9000/snowboard/sn_boot-dc1.jpg
db264fc7-0a4b-44bf-954f-c80800a5b218,http://ec2-54-165-213-86.compute-1.amazonaws.com:9000/snowboard/sn_boot-dc1.jpg
f95cf5cf-3cf1-478d-9c14-b7a7e8fe1d31,http://ec2-54-165-213-86.compute-1.amazonaws.com:9000/snowboard/sn_boot-dc1.jpg
01cee614-2d19-40c1-a10a-4f36817d2540,http://ec2-54-165-213-86.compute-1.amazonaws.com:9000/snowboard/sn_boot-dc1.jpg
6b86643d-31f3-4575-a2d6-8d0dbf630fe4,http://ec2-54-165-213-86.compute-1.amazonaws.com:9000/snowboard/sn_boot-dc1.jpg
95bde79b-4af7-43e6-8ea8-e97ba152e4f5,http://ec2-54-165-213-86.compute-1.amazonaws.com:9000/snowboard/sn_boot-dc1.jpg
fe1708ba-24e2-4aa2-81eb-d4c8e29efaf8,http://ec2-54-165-213-86.compute-1.amazonaws.com:9000/snowboard/sn_boot-dc-kids1.jpg
9221a8d6-d523-4602-a193-00a29035bca4,http://ec2-54-165-213-86.compute-1.amazonaws.com:9000/snowboard/sn_boot-nidecker3.jpg
16452b4d-9176-4a30-9030-8d4b84f6a136,http://ec2-54-165-213-86.compute-1.amazonaws.com:9000/snowboard/sn_boot-nidecker3.jpg
ba14ce3a-ea9f-4cbb-bd54-83348fbb7552,http://ec2-54-165-213-86.compute-1.amazonaws.com:9000/snowboard/sn_boot-nidecker3.jpg
26dc0f2f-10e8-41a8-9956-a07e709386c5,http://ec2-54-165-213-86.compute-1.amazonaws.com:9000/snowboard/sn_boot-nidecker3.jpg
b63021fa-f4c5-4768-a06f-872d4e21b4fa,http://ec2-54-165-213-86.compute-1.amazonaws.com:9000/snowboard/sn_boot-nidecker3.jpg
8ee512d9-d83a-4d24-88c4-b4c02fb76b24,http://ec2-54-165-213-86.compute-1.amazonaws.com:9000/snowboard/sn_boot-nidecker2.jpg
f4e9c40b-d03d-4530-95c2-cd98a3962c9d,http://ec2-54-165-213-86.compute-1.amazonaws.com:9000/snowboard/sn_boot-nidecker2.jpg
c79f0d6f-ad33-4078-bb7f-94092c30d157,http://ec2-54-165-213-86.compute-1.amazonaws.com:9000/snowboard/sn_boot-nidecker2.jpg
1d0630f0-be06-4279-b6cf-91fd7b27906a,http://ec2-54-165-213-86.compute-1.amazonaws.com:9000/snowboard/sn_boot-nidecker1.jpg
d1c2432a-30b3-44c1-93bc-1b631002ba95,http://ec2-54-165-213-86.compute-1.amazonaws.com:9000/snowboard/sn_boot-nidecker1.jpg
878d356f-daa1-450f-aaab-c55c663a9ed3,http://ec2-54-165-213-86.compute-1.amazonaws.com:9000/snowboard/sn_boot-nidecker1.jpg
b5e4e97e-9170-4ad4-89b5-ccc5ccebaa66,http://ec2-54-165-213-86.compute-1.amazonaws.com:9000/snowboard/sn_boot-nitro-laces1.png
549adbcb-cb94-4c48-80d8-f7cb5d1bdda0,http://ec2-54-165-213-86.compute-1.amazonaws.com:9000/snowboard/sn_boot-nitro-laces1.png
2275f990-72be-455e-98ff-c3e5d6fba971,http://ec2-54-165-213-86.compute-1.amazonaws.com:9000/snowboard/sn_boot-dc-laces1.jpg
ac57f11a-332b-42c2-8b16-14ca1fd9c168,http://ec2-54-165-213-86.compute-1.amazonaws.com:9000/snowboard/sn_boot-dc-laces1.jpg
1c824efe-bfa5-4633-85a8-9464ff678851,http://ec2-54-165-213-86.compute-1.amazonaws.com:9000/snowboard/sn_boot-dc-laces1.jpg
4f6d52a4-c391-47e2-9b5f-31560934c1cd,http://ec2-54-165-213-86.compute-1.amazonaws.com:9000/snowboard/sn_boot-dc-laces1.jpg
